doc_id,sentence_id,matched_form,context,start_char,end_char,cluster,umap1,umap2,dist_to_cluster_0,dist_to_cluster_1,dist_to_cluster_2
A06785.txt,113,prices,"First, by the Assays of moneys made in former times, and the calculations of exchanges made thereupon, upon, according to the prices or valuations of the moneys enhanced beyond the Seas, and not enhanced with us in England.",126,132,0,10.512961,6.1479483,8.527994,8.9340105,9.201692
A06785.txt,121,prices,"The Rickx Doller being enhanced to 33. shillings lubish, made the price of the said Exchange at one shilling more, upon the 4. prices and a half to be at 24. s. 9 d. which contained for a long time at Hamborough and other places in Germany, Exchange at 24. s. 9d. in Germany. and all their own coins were correspondent thereunto in the inward value: but in the Low Countries the valuation did alter, and moneys were enhanced by intermissive times, by the wars and division of the 17.",127,133,0,10.462628,6.474291,9.426304,10.557335,10.738668
A06785.txt,195,prices,"And if the said Gentleman had bestowed the last year the said 100 l. in royals of 8, at 22 s. for the 5 prices, and paid them out there at 51 Stivers, and so returned his money by exchange at a low rate, or 33 s. 4 d, or under, he might have gotten 25 Per Cento, where the said royals (when he bought them) did cost him but ten upon the hundreth: and thus you may see what deep speculations this man hath (whilst he is enclosed within his Circle) to find out these Mysteries, & yet no Mysteries: like unto the Man, An Eunuch. that was no Man: which threw a Stone, A Pumex. that was no Stone: at a Bird, that was no Bird: sitting upon a Tree, A Bat.",104,110,0,10.428494,6.4358106,9.565868,10.950009,11.145807
A06785.txt,233,prices,"If the moneys were not enhanced beyond the Seas, Merchants could not sell our native commodities at the prices they now do, and return the value thereof by a low exchange from thence, or taking up the same here, give so little by exchange there.",104,110,0,10.612448,7.002872,8.629852,9.418439,9.630756
A06785.txt,345,prices,"P. 49. 52. and give bridle to the present course of Trade, expecting an overbalance to happen on our side without removing of the causes, after they had spoken well concerning exchanges: although they confessed to be a ground, as a matter much too high for their handling: saying, That the abuse thereof is very prejudicial unto this Kingdom in particular, whilst in the interim the benefits do arise unto other Countries, who diligently observing the prices, whereby the moneys be exchanged, may take advantage to carry away the gold and silver of this Realm, at those times when the rate of our Starlin money (in exchange) is under the value of that standard, unto which place they are conveyed, for in respect the prices of the exchanges do rise and fall according to the plenty and scarcity of money, which is to be taken up or delivered out: the exchange is hereby rather become a Trade for some great moneyed men, than a furtherance and accommodation of Recall Trade of Merchants, as it ought to be in the true use thereof: and thus many times money may be made over hither by strangers to a good gain, and presently carried beyond the Seas to a second profit.",452,458,0,10.666552,6.381326,9.77845,9.973109,10.23374
A06785.txt,497,prices,"It is true that there are Statutes against shipping Cloth undressed above a certain value, but there have been ever or for the most part means to dispense with the said Satutes, as the Lord of Cumberland his Licence, and others of that kind, for which business there hath been usually heretofore an Officer in the Custom House ready to admit composition with Strangers aswell as with others, and so the Strangers paying Strangers Custom, might ship Cloth undressed aswell as the Merchant's Adventurers: but now the Merchant's Adventurers have engrossed the foresaid dispensations into their own hands, so that the Strangers are now prevented of shipping Cloth undressed, as formerly they have done: by reason whereof, one other means whereby great quantities of Cloth have been heretofore vented, and the prices thereof advanced, is by the Merchant's Adventurers wholly intercepted.",805,811,0,10.487541,6.433667,8.562662,9.015038,9.256941
A06785.txt,533,prices,"COnsider we of the commodities returned and sold for 1914 Thousand 600 pounds, producing five and one third part for one towards custom charges, and all other things as aforesaid: and we shall be ravished with admiration upon examination of the prices in particular, by the said Author declared.",245,251,0,10.670242,6.5726213,8.972541,9.5603895,9.818927
A06785.txt,563,prices,"But the said Author doth set down the prices as they were in the time of wars, when Merchants charges, P. 45. adventure and all things were increased; and herein he maketh his comparison with Turkey, and according to that computation he affirmeth, that the trade in Spice and Indigo only, saveth the kingdom yearly 74966 l. 13 s. 4 d: and that less than one quarter of this sum shall buy in the Indies the proportion of the yearly consumption thereof, being 400 thousand of Pepper, 40 thousand of Cloves, 20 thousand of Mace, 160 thousand of Nutmegs, and 150 thousand of Indigo; which calculated by the prices of them, as they were sold coming from Portugal, will amount to 128 thousand pounds, and not 183500 l, as he reckoneth them coming from Turkey: so that the difference between Portugal and Turkey in this account is 55500 l, being in truth but 21666 l. 13. 4. to be reckoned upon the said allegation.",38,44,0,10.634774,6.5653353,8.59116,9.058953,9.290268
A06785.txt,563,prices,"But the said Author doth set down the prices as they were in the time of wars, when Merchants charges, P. 45. adventure and all things were increased; and herein he maketh his comparison with Turkey, and according to that computation he affirmeth, that the trade in Spice and Indigo only, saveth the kingdom yearly 74966 l. 13 s. 4 d: and that less than one quarter of this sum shall buy in the Indies the proportion of the yearly consumption thereof, being 400 thousand of Pepper, 40 thousand of Cloves, 20 thousand of Mace, 160 thousand of Nutmegs, and 150 thousand of Indigo; which calculated by the prices of them, as they were sold coming from Portugal, will amount to 128 thousand pounds, and not 183500 l, as he reckoneth them coming from Turkey: so that the difference between Portugal and Turkey in this account is 55500 l, being in truth but 21666 l. 13. 4. to be reckoned upon the said allegation.",603,609,0,10.572957,6.3670845,8.971445,9.292091,9.522005
A06785.txt,568,prices,"Calculate now what the said proportion for England did cost in the Indies according to the said prices, and you shall find it to be 16749 l. 15. 0. which is almost the sixth part of all the Spices and Indigo spent in Christendom: and this being sold in England, produceth 108333 l. 6. 8.",96,102,0,10.673141,6.629669,9.326148,10.268728,10.486236
A06786.txt,91,prices,"ALL men of judgement and understanding do know, that there is nothing more necessary for the knowledge of Histories, and diverse estates of the world, than the observation of Times, without which, great obscurity and errors will be found in the Actions of men, aswell in matters of Religion, as in civil government, where Merchants (in regard of their Traffic and Commerce) have the managing and disposing of the wealth of Kingdoms and Commonweals: So that it behoveth them, to observe the years, months, weeks, Merchants are to observe Time. and days, and (sometimes) the hours of their negotiation, with the course of the Moon, and the ebbing and flowing of waters, the variation of winds, and alterations of weathers, for storms at the seas, and unseasonable Times on land, whereby the harvests do fail, and commodities become to be plentiful or scarce, and the prices thereof dear or good cheap: with many other considerations incident in the course of buying and selling of commodities, and in receiving and paying of moneys.",865,871,0,10.499263,6.0609465,9.326533,9.647905,9.8941345
A06786.txt,899,prices,"THe Merchant's Trade for the East Indies, took beginning in England, in the year 1600; At which time Spices and all other Commodities were bought for the prices hereafter declared, translated out of the Portugal tongue, with my additions and observations concerning the goodness of those Commodities.",154,160,0,10.5064,6.5926137,8.09016,9.163448,9.395606
A06786.txt,971,prices,"Of ¾ of a Grains 25 Of one Grain 40 Of 1 ¼ Graine 50 Of 1 ½ Graine 60 Of 1 ¾ Graine 80 Of 2 Grains 100 Of 2 ¼ Grains 120 Of 2 ½ Grains 150 Of 2 ¾ Grains 9 ll 0 0 Of 3 Grains 12 0 0 Of 3 ¼ Grains 16 0 0 Of 3 ½ Grains 20 0 0 Of 3 ¾ Grains 24 0 0 Of 4 Gr. or one Carrat 30 0 0 Of one Carrat ¼ 33 0 0 Of 1 ½ Carrats 36 0 0 Of 1 ¾ Carrat 40 0 0 Of 2 Carrats 60 0 0 Of 3 Carrats 100 0 0 Of 4 Carrats 200 0 0

All which prices may alter from time to time according to the use of precious Stones, upon accidental causes of the marriages, of Princes and great personages, to be done proportionably.",413,419,0,10.714052,6.57275,8.961788,9.601403,9.790307
A06786.txt,974,prices,"But in England & France they are worth ⅓ part less (which is according to the above said prices that Diamonds are now worth with us also.) The Diamond of a full Carrat being a perfect Table, and yellow, is worth 20 ll sterling.",89,95,0,10.53821,6.605839,8.457325,9.270413,9.452951
A06786.txt,999,prices,"Also great unproportionated Pearls called Barocos, according to estimation and goodness, as these prices were made at Paris, and when they are hole or boared and stringed up in four sorts, called Entreneto, and put into boxes, than they are sold one with another according to their sorts, for 4 or 5 ll the ounce: diverse flat Pearls serving for buttons, Round Pearl put upon papers are sold by the piece according to their bigness and fairness.",98,104,0,10.539917,6.5835567,10.064595,11.214704,11.383216
A06786.txt,1095,prices,"Have not we found of late years, that cloth was sold in greater quantity, and at greater prices, when the Todd of Wool was sold at 32 and 33 shillings, and clothes accordingly, than now when Wool is sold for 18 and 20 shillings ▪ The revolution of things may alter again and revive trade; if not, procure you to have foreign commodities better cheap, whereof you have not so much need, as they have of ours.",89,95,0,10.528616,7.067395,8.592753,9.745598,9.940344
A06786.txt,1152,prices,"For when they have sold their Clothes unto other Merchants, or others, payable at 4, 6, 8, or more months; they presently transfer and set over these Bills (so received for the payment of their Clothes) unto other Merchants, and take for them other commodities at such prices as they can agree with the Seller of them, be it Velvets, Silks, Satins, Fustians, or any other wares or commodities, to make return of the provenue of theirs; and so selling those foreign commodities here in England, they presently buy more Clothes, and continue a Revolution of buying and selling in the course of Traffic and Commerce, being so (in effect) as may be illustrated by example.",269,275,0,10.6078005,7.087924,9.005059,10.403675,10.585134
A06786.txt,2093,prices,"Albeit that there be no combination to limit any certain prices, for the sale of commodities in the particular of one Merchant or more Merchants agreed together to buy up a commodity, it may be called a forestall.",57,63,0,10.78089,6.6949277,8.352065,8.909202,9.12125
A06786.txt,2354,prices,"In which markets it is lawful to the Provost and Bailifeses to set down prices, and to compel the Packer and Piler to sell again for the need of the subjects; which being done, they may transport the remainder where they will: and if they commit any contempt, than their fish is forfeited, two parts to the King, and the third to the Magistrate.",72,78,0,10.577084,6.6218944,8.240655,9.198633,9.416312
A06786.txt,3063,prices,"Provided always that the said opening be done in the presence of him to whom the said coffers, trusses, or letters were directed, if they can instantly come at them, besides some one of the Magistrates where the said seizure is made; to the end that thereby the name may be known of him who hath sent the said moneys at higher prices, and to no other effect.

26 All which penalties and forfeitures shall be distributed, the one third part to the poor of the town where the penalty falleth; the other third part to the accuser, and the other third to the officer who shall challenge the execution to be done; unless it were that the said forfeitures did exceed the sum of five thousand Guilders: In this case the one half shall be for the benefit of the common cause, and the other halfe to be divided proportionably between the said three parties.",327,333,0,10.578548,7.0456758,8.790193,10.153075,10.338734
A06786.txt,3489,prices,"These moneys are made over at several places as followeth.

ll ss d The manner how exchange giveth profit. 300 ll are made over at thirty five shillings Flemish for the pound, is 525 0 0 500 ll are made over at thirty four shillings ten pence, is Flemish 870 16 8 300 ll at thirty four shillings six pence, is 517 10 0 200 ll made over at thirty four shillings eight pence, is Flemish 346 13 4 1000 ll at several prices one with another, at thirty five shillings 1750 0 0 So the 2300 ll sterling paid at Amsterdam, is Flem. 4010 0 0

These moneys have been made over, or returned again by Exchange at several prices, and the account cleared, as followeth.

ll ss d 300 ll were made over from Amsterdam, at thirty four shillings two pence, is 512 10 0 500 ll were made over at thirty three shillings six pence for the pound sterling 837 10 0 500 ll at thirty three shillings nine pence, paid at Amsterdam for the pound 843 15 0 500 ll at thirty three shillings eight pence in like manner, is 841 13 4 The Factor taketh for his salary, and paid to Brokers 21 4 8 And maketh over 500 ll more, and gave thirty three shillings ten pence for the pound 845 16 8 More at the same price of thirty three shillings ten pence, he made over the just remainder in his hands, being 107 ll 10 ss 4 d, and sendeth a particular bill of Exchange of 63 ll 11 ss for it 107 10 4 4010 0 0

Gain by exchange to profit and loss.",413,419,0,10.691497,7.279318,11.4817705,12.318476,12.47739
A06786.txt,3489,prices,"These moneys are made over at several places as followeth.

ll ss d The manner how exchange giveth profit. 300 ll are made over at thirty five shillings Flemish for the pound, is 525 0 0 500 ll are made over at thirty four shillings ten pence, is Flemish 870 16 8 300 ll at thirty four shillings six pence, is 517 10 0 200 ll made over at thirty four shillings eight pence, is Flemish 346 13 4 1000 ll at several prices one with another, at thirty five shillings 1750 0 0 So the 2300 ll sterling paid at Amsterdam, is Flem. 4010 0 0

These moneys have been made over, or returned again by Exchange at several prices, and the account cleared, as followeth.

ll ss d 300 ll were made over from Amsterdam, at thirty four shillings two pence, is 512 10 0 500 ll were made over at thirty three shillings six pence for the pound sterling 837 10 0 500 ll at thirty three shillings nine pence, paid at Amsterdam for the pound 843 15 0 500 ll at thirty three shillings eight pence in like manner, is 841 13 4 The Factor taketh for his salary, and paid to Brokers 21 4 8 And maketh over 500 ll more, and gave thirty three shillings ten pence for the pound 845 16 8 More at the same price of thirty three shillings ten pence, he made over the just remainder in his hands, being 107 ll 10 ss 4 d, and sendeth a particular bill of Exchange of 63 ll 11 ss for it 107 10 4 4010 0 0

Gain by exchange to profit and loss.",609,615,0,10.668266,7.2661853,11.166603,12.149744,12.299891
A06786.txt,3764,prices,"B. calleth unto him a Broker of Exchanges, and telleth him, that he hath occasion to take up one thousand ducats for Venice, and that he is to make over the said money for Antuerpe, and will know the price for both places: the Broker answereth, that he will effect the same, and that the price of Venice is fifty and six pence for the ducat, and for Antuerpe thirty and three shillings Flemish for the pound sterling: and presently after he cometh to A.B. the Merchant again, and telleth him, that C.D. the Merchant is contented to deliver him the thousand ducats for Venice, and to take up the same for him again for Antuerpe either at the same prices, or thereabouts.",646,652,0,10.596363,7.1160936,10.29243,11.568828,11.76564
A06786.txt,3785,prices,"Ten thousand Ducats were taken up at Antuerp for Venice, at Usance of two months at several prices of 113 ½ pence, 114 pence, and 115 ½ pence for the Ducat, being the Medium or one with another at 115 pence, made Flemish money R. 4791 13 4 These R. 4791 — 13 — 4, Example of Exchanges and Rechanges of moneys. were made over for London at Usance being one month, at diverse prices, whereof the Medium was 32 shillings four pence, and made 2875 ll 0 ss 0 d These R. 2875 sterling being received, and Factoridge, Brokeridge, and port of letters deducted, remained 2860 ll, which were made over for Antuerp again at several prices, and the Medium was 34 ss 2 ½ d. 4894 ll 15 10 The ten thousand Ducats at Venice were taken up for Frankford, at 130 Florins of 65 Creutzers, for 100 Ducats, whereunto Factoridge and Brokeridge added, it amounted to 13130 Dollars or Florins of sixty five Creutzers, and with Brokeridge and Factoridge at Frankford was Florins 13260 Flo. 0 ss 0 d The 4894 — 15 — 10 Flemish, received in Antuerp, were made over for Madrill in Spain at diverse prices, whereof the Medium was 106 pence for a Ducat of 375 Maluedeis to be paid in Bank at four months time, with five upon the thousand, and made Ducats 11132 Duc. 12 ss 6 d These 11132 Ducats, twelve shillings six pence of a Ducat, were made over from Madrill to Lixborne in Portugal, and deducting Factoridge and Brokeridge there remained 11010 Ducats of 440 Reas for every Ducat of 375 Maluedeis, or 11 Rials, is 4844 U 620 Vlas and Ducats 12111 Duc. 11 ss 0 d These 12111 Ducats or Crusats of Lixborne made over to Antuerp, Factoridge and Brokeridge deducted, remained 11990 Ducats, at 98 pence Flemish every Ducat or Crusat, was Flemish R. 4895 18 4 The 13260 Florins of Frankford, taken up for Antuerp at 81 pence R. 4530 10 0 R. 365 8 4 These moneys paid Brokeridge and Factoridge for Venice, and delivered for London, and for Madrill 38 — 2 — 4, which must be deducted R. 38 2 4 So there was advanced by industry with other men's moneys R. 327 6 0

WE have in the First Part of this Book made a description of Banks and Bankers, in regard of the payments and Exchanges made in Banks, for commodities bought and sold; and having in the precedent Chapters declared the four manner of Exchanges, and the merchandizing Exchange by denomination of it, to be the canker of England's Commonwealth; let us now entreat of the Feats of Bankers.",92,98,0,10.694985,7.288759,12.1404505,12.910049,13.029501
A06786.txt,3785,prices,"Ten thousand Ducats were taken up at Antuerp for Venice, at Usance of two months at several prices of 113 ½ pence, 114 pence, and 115 ½ pence for the Ducat, being the Medium or one with another at 115 pence, made Flemish money R. 4791 13 4 These R. 4791 — 13 — 4, Example of Exchanges and Rechanges of moneys. were made over for London at Usance being one month, at diverse prices, whereof the Medium was 32 shillings four pence, and made 2875 ll 0 ss 0 d These R. 2875 sterling being received, and Factoridge, Brokeridge, and port of letters deducted, remained 2860 ll, which were made over for Antuerp again at several prices, and the Medium was 34 ss 2 ½ d. 4894 ll 15 10 The ten thousand Ducats at Venice were taken up for Frankford, at 130 Florins of 65 Creutzers, for 100 Ducats, whereunto Factoridge and Brokeridge added, it amounted to 13130 Dollars or Florins of sixty five Creutzers, and with Brokeridge and Factoridge at Frankford was Florins 13260 Flo. 0 ss 0 d The 4894 — 15 — 10 Flemish, received in Antuerp, were made over for Madrill in Spain at diverse prices, whereof the Medium was 106 pence for a Ducat of 375 Maluedeis to be paid in Bank at four months time, with five upon the thousand, and made Ducats 11132 Duc. 12 ss 6 d These 11132 Ducats, twelve shillings six pence of a Ducat, were made over from Madrill to Lixborne in Portugal, and deducting Factoridge and Brokeridge there remained 11010 Ducats of 440 Reas for every Ducat of 375 Maluedeis, or 11 Rials, is 4844 U 620 Vlas and Ducats 12111 Duc. 11 ss 0 d These 12111 Ducats or Crusats of Lixborne made over to Antuerp, Factoridge and Brokeridge deducted, remained 11990 Ducats, at 98 pence Flemish every Ducat or Crusat, was Flemish R. 4895 18 4 The 13260 Florins of Frankford, taken up for Antuerp at 81 pence R. 4530 10 0 R. 365 8 4 These moneys paid Brokeridge and Factoridge for Venice, and delivered for London, and for Madrill 38 — 2 — 4, which must be deducted R. 38 2 4 So there was advanced by industry with other men's moneys R. 327 6 0

WE have in the First Part of this Book made a description of Banks and Bankers, in regard of the payments and Exchanges made in Banks, for commodities bought and sold; and having in the precedent Chapters declared the four manner of Exchanges, and the merchandizing Exchange by denomination of it, to be the canker of England's Commonwealth; let us now entreat of the Feats of Bankers.",374,380,0,10.685144,7.2982707,10.756811,11.786086,11.94354
A06786.txt,3785,prices,"Ten thousand Ducats were taken up at Antuerp for Venice, at Usance of two months at several prices of 113 ½ pence, 114 pence, and 115 ½ pence for the Ducat, being the Medium or one with another at 115 pence, made Flemish money R. 4791 13 4 These R. 4791 — 13 — 4, Example of Exchanges and Rechanges of moneys. were made over for London at Usance being one month, at diverse prices, whereof the Medium was 32 shillings four pence, and made 2875 ll 0 ss 0 d These R. 2875 sterling being received, and Factoridge, Brokeridge, and port of letters deducted, remained 2860 ll, which were made over for Antuerp again at several prices, and the Medium was 34 ss 2 ½ d. 4894 ll 15 10 The ten thousand Ducats at Venice were taken up for Frankford, at 130 Florins of 65 Creutzers, for 100 Ducats, whereunto Factoridge and Brokeridge added, it amounted to 13130 Dollars or Florins of sixty five Creutzers, and with Brokeridge and Factoridge at Frankford was Florins 13260 Flo. 0 ss 0 d The 4894 — 15 — 10 Flemish, received in Antuerp, were made over for Madrill in Spain at diverse prices, whereof the Medium was 106 pence for a Ducat of 375 Maluedeis to be paid in Bank at four months time, with five upon the thousand, and made Ducats 11132 Duc. 12 ss 6 d These 11132 Ducats, twelve shillings six pence of a Ducat, were made over from Madrill to Lixborne in Portugal, and deducting Factoridge and Brokeridge there remained 11010 Ducats of 440 Reas for every Ducat of 375 Maluedeis, or 11 Rials, is 4844 U 620 Vlas and Ducats 12111 Duc. 11 ss 0 d These 12111 Ducats or Crusats of Lixborne made over to Antuerp, Factoridge and Brokeridge deducted, remained 11990 Ducats, at 98 pence Flemish every Ducat or Crusat, was Flemish R. 4895 18 4 The 13260 Florins of Frankford, taken up for Antuerp at 81 pence R. 4530 10 0 R. 365 8 4 These moneys paid Brokeridge and Factoridge for Venice, and delivered for London, and for Madrill 38 — 2 — 4, which must be deducted R. 38 2 4 So there was advanced by industry with other men's moneys R. 327 6 0

WE have in the First Part of this Book made a description of Banks and Bankers, in regard of the payments and Exchanges made in Banks, for commodities bought and sold; and having in the precedent Chapters declared the four manner of Exchanges, and the merchandizing Exchange by denomination of it, to be the canker of England's Commonwealth; let us now entreat of the Feats of Bankers.",621,627,0,10.69569,7.3053083,11.244344,12.273218,12.412858
A06786.txt,3859,prices,"Moneys ▪

11 The attendance of Searchers, Waiters, and other Officers.

12 The strict information in the Exchequer and other Courts.

13 The swearing of the Masters of Ships, for exportation of monies.

14 The reformation of the overheavinesse of our pound weight Troy in the Tower.

15 The overrichnesse of our sterling standard of moneys.

16 The alteration of the proportion between Gold and Silver.

17 The making of more prices out of the pound Troy by the Sheyre.

18 The enhancing of Silver and Gold Coins in price.

19 The embasing of moneys by Alloy or Copper.

20 The use of many standards of money, and reduced to two again.

21 The increasing of coinage money to hinder the exportation.

22 The prohibition to cull out heavy pieces to melt or transport.

23 The banishing of light Spanish money, and Gold to be melted.

24 The giving more for Bullion in the Mint.

25 The prohibition for Goldsmiths to buy Gold or Bullion.

26 The making of the principal foreign Coin currant in England.

27 The binding of Merchants to bring in Bullion.

28 The prohibition to pay Gold unto Merchant strangers.

29 The prohibition to take gains upon Coins.

30 The Bullion in the Mint to be delivered by weight, to restore by tale.

31 The enhancing of Gold and undervaluing of Silver.

32 The punishment of transporters in the Star-chamber by Fines.

33 Exchange.",426,432,0,10.37705,6.236502,10.586334,11.256645,11.4557495
A06789.txt,255,prices,"It causeth all Chapmen to give poor and faint prices for Wool, because when it is indraped, it may not more freely be exported to the best advantage.",46,52,0,10.485102,6.8465667,8.331391,9.315,9.527709
A06789.txt,349,prices,"To make over their moneys from beyond the Seas, at a low price of exchange, in giving less money there, to have the same paid here by Bill of exchange in Starlin money, receiving the moneys there at such prices, as they cannot import them, but to their exceeding loss: whereby it cometh to pass, that the exportation of our moneys, giveth an exceeding gain on the contrary, and our Cloth is thereby more undersold as afore said.",204,210,0,10.54332,7.063774,8.770338,10.165233,10.383069
A06789.txt,376,prices,"The making of more prices out of the pound Troy.

18.",19,25,0,10.304873,6.3149815,9.100783,9.850843,10.040035
A06791.txt,146,prices,"But the merchandizing exchange which thus overruleth the course of commodities & money, is intolerable: for we shall find in effect, that one sum of money, of one sort and kind of coin, hath two prices, & two valuations, at one time, exchanged for one distance of time; differing only by the diversity of place & country: whereby private men alter as it were the valuation of coins, which is rated & valued in all countries by the Prince or governor of the same, as a matter concerning their dignity and sovereignty: & so consequently of too high presumption for subjects to step into '.",195,201,0,10.394571,6.3798013,8.810844,9.9468155,10.184048
A07886.txt,71,prices,"And now (omitting much matter which might be written touching the discoveries of other Trades from one Kingdom or port to another, in the Indies: Our stock may be much increased by Trade from Port to Porte in the Indies. with the commodities thereof, whereby the employment of our ships, together with the stock of money and goods which is sent out of England in them, may be much increased) I will draw to a conclusion of the point in hand; and show, The moneys sent to the Indies is all foreign Coin - that whatsoever Sums of foreign ready monies are yearly sent from hence into the East-Indies, His Majesty in the letters Patents granted to that Company, hath notwithstanding with singular Care provided, The East-India Company are obliged. that the brethren of the Company, shall yearly bring in as much silver, as they send forth; to bring in as much money as they carry out of the Realm. which hath been always truly performed, with an overplus, to the increase of this Kingdom's treasure: Neither is it likely, that the money which is thus contracted for, by the Company at certain prices, and to be delivered them at times appointed, would be otherwise brought into England, but only by virtue and performance of the said contracts; for, without this assurance of Vent, together with a good price for the said monies, the Merchants would undoubtedly make their returns in other wares; Tobacco, Raisins, Oils, and Wines, whereof there is no want, but rather too much Smoke. the use and extraordinary consume whereof, would be found less profitable to the Commonwealth, when the matter should be duly considered, as I shall yet further endeavour to demonstrate.",1089,1095,0,10.578672,7.077552,9.25338,10.602261,10.809511
A07886.txt,72,prices,"And here I will suppose, That the East-India Company may ship out yearly 100000. l starling (more or less) as occasion may be offered; yet it is most certain, that the Trade being thus driven, with such sums of ready moneys, it will not decay but rather much increase the treasure of the kingdom: which to prove, I will briefly set down, the substance of the English Trade unto the East-Indies, concerning the quantity of the several sorts of wares, to be yearly bought there and sold here: with the usual prices given for them in both places.",506,512,0,10.512188,6.8629465,7.991677,9.194327,9.380387
A07886.txt,74,prices,"In the East-Indies. l. s. d. 2500000. ll. of Pepper at 2. d. ob. the pound 26041 13 04 A propotion of such Trade as is hoped yearly to be brought into this Realm from East-India. 150000. of Cloves at 9 d. the pound. 5626 00 00 150000. of Nutmegs at 4. d. the pound. 2500 00 00 50000. of Mace at 8. d. the pound. 1666 13 04 200000. of Indigo at 14. d. the pound. 11666 13 04 107140. of China Raw silks at 7. s. the pound. 37499 00 00 50000. of Calicoes of several sorts, rated at 7. s. the piece one with another. 15000 00 00 100000 00 00

All the said Merchandise have been often experienced, or bought at or about the prices above written; and we do hope for our parts (besides the Trade of Raw-silkes from Persia) yearly, to lad from the Indies, such quantity of the several sorts of wares as are here set down (if it shall please his Majesty, to protect and defend us concerning the Articles of agreement made with the dutch, that they may not violate any of them to our hindrance or damage) all which wares in England will yield (as I do conceive) the prizes hereafter following, Viz.",619,625,0,10.470842,6.823742,8.697907,9.829884,10.026018
A07886.txt,177,prices,"For, it is an undoubted truth, that in those days we often paid 6. shillings or more for a pound of Pepper, and seldom or never less then three shillings and six pence the pound; whereas since the Trade hath come directly from the Indies, it hath been bought commonly at several prices between 16. pence and two shillings the pound; but I will make the difference of price appear more plainly by setting down the quantities of Spices and Indigo, which are yearly spent in the Realm of England, together with the lowest prices, which they were wont to sell at, when we brought them from Turkey and Lixborne; and the like concerning their usual prices now that we bring them from the East Indies directly; And first as from Turkey.",279,285,0,10.639295,7.191093,9.483983,10.581254,10.733826
A07886.txt,177,prices,"For, it is an undoubted truth, that in those days we often paid 6. shillings or more for a pound of Pepper, and seldom or never less then three shillings and six pence the pound; whereas since the Trade hath come directly from the Indies, it hath been bought commonly at several prices between 16. pence and two shillings the pound; but I will make the difference of price appear more plainly by setting down the quantities of Spices and Indigo, which are yearly spent in the Realm of England, together with the lowest prices, which they were wont to sell at, when we brought them from Turkey and Lixborne; and the like concerning their usual prices now that we bring them from the East Indies directly; And first as from Turkey.",519,525,0,10.633491,6.916067,8.49864,9.308812,9.499372
A07886.txt,177,prices,"For, it is an undoubted truth, that in those days we often paid 6. shillings or more for a pound of Pepper, and seldom or never less then three shillings and six pence the pound; whereas since the Trade hath come directly from the Indies, it hath been bought commonly at several prices between 16. pence and two shillings the pound; but I will make the difference of price appear more plainly by setting down the quantities of Spices and Indigo, which are yearly spent in the Realm of England, together with the lowest prices, which they were wont to sell at, when we brought them from Turkey and Lixborne; and the like concerning their usual prices now that we bring them from the East Indies directly; And first as from Turkey.",643,649,0,10.66719,6.7132688,8.562502,8.991241,9.186158
A07886.txt,178,prices,"Prices of spice and Indigo in former times. 400000. ll. of Pepper at 3.s. 6.d. the ll. 70000.l. 00.s. 00d 40000. of Cloves at 8.s. the ll. 16000 00 00. 20000. of Maces at 9.s. the ll 9000 00 00. 160000. of Nutmegs at 4. s. 6d the ll. 36000 00 00 150000. of Indigo at 7.s. the pound. 52500 00 00. 183500 00 00

And the self same quantity and sorts of wares are commonly sold at the prices here under written now in these later times.",0,6,0,10.536326,6.2834344,9.814168,10.206546,10.372945
A07886.txt,178,prices,"Prices of spice and Indigo in former times. 400000. ll. of Pepper at 3.s. 6.d. the ll. 70000.l. 00.s. 00d 40000. of Cloves at 8.s. the ll. 16000 00 00. 20000. of Maces at 9.s. the ll 9000 00 00. 160000. of Nutmegs at 4. s. 6d the ll. 36000 00 00 150000. of Indigo at 7.s. the pound. 52500 00 00. 183500 00 00

And the self same quantity and sorts of wares are commonly sold at the prices here under written now in these later times.",381,387,0,10.545556,6.648397,9.712941,10.298378,10.462323
A07886.txt,179,prices,"Prices of spice and Indigo in these later times. 400000. ll. of Pepper at 20d. the ll. 33333.l. 06. s. 08. ᵈ 40000. of Cloves at 6d. the ll. 12000 00 00. 20000. of Maces at 6.s. the ll. 6000 00 00. 160000. of nutmegs at 2.s. 6d the ll. 20000 00 00 150000. of Indigo at 5.s. pound. 37000 00 00. 108333. 06 08

So that this Trade in Spice and Indigo only, doth save the Kingdom yearly 74966.l. 13.s. 04.d. which is a matter worthy to be observed; and so much the rather, because it is a certain truth, Less than 18. thousand pounds sterling in the Indies, will buy Spice and Indigo to serve this Realm for a year, which is not halt so much money as it spendeth beyond the seas to buy Currans only, or to buy Tobacco. that less than a quarter part of this sum of money which is thus saved yearly, shall buy in the Indies the full quantity of all the several sorts of wares before written, which do serve for a years provision for this Realm of England; but still, it must be remembered, that the custom, impost, wages, victuals, shipping, and other charges (which are to be added) will be a greater sum, than the money which is paid for these wares in the Indies; but as I have noted before, the said charges do not consume the Kingdom's stock, although it doth greatly abate the Merchant's gain.",0,6,0,10.465203,6.1992946,9.929472,10.373857,10.567688
A32827.txt,381,prices,"First, If this be not done, the Danes, swedes and Easterlings will certainly in a few Years carry the whole Trade, by reason of the difference of the charge of building a Ship fit for that Trade there or here, viz. a Flyboat of 300 Tuns new built, and set to Sea for such a Voyage, may cost there 13 or 1400 l. which here would cost from 22 to 2400 l. which is so vast a disproportion, that it is impossible for an English man to cope with a Dane in that Navigation under such a discouragement; to balance which there is nothing but the Stranger's duty which the Dane now pays, which may come to 5 or 6 l per Ship per Voyage at most, one with another, which is incompitable with the difference of Price between the first cost of the Ships in either Nation: And this is so evident to those who are conversant in those Trades, that besides the decrease of our Shipping and increase of theirs that hath already happened, ours in probability had been wholly beaten out of the Trade, and only Danes and Easterlings freighted, had we been necessitated to build English Ships, and had not been recruited on moderate Prices by Fly-boats (being Ships proper for this Trade) taken in the late Dutch War, and by a further supply of Scotch Prizes likewise, through his Majesty's permission and indulgence.",1109,1115,0,10.524255,7.107999,9.326713,10.748774,10.900499
A32827.txt,513,prices,"Now, if not only the aforesaid advantages be seriously considered, but also what detriment the Nation would sustain, if we were deprived of those supplies, both in point of Strength and Warlike Provisions, in regard of Shipping and Salt-Petre, but also in respect of the furtherance it gives to many other Trade's beforementioned, it will easily appear that this Trade, though its Imports exceeds its Exports, is the most advantageous Trade to England, and deserves all encouragement; for were we to buy all our Pepper and Calicoes, etc. of the Dutch, they would raise our Pepper (which now stands the Nation but about 3 d. per pound in India) to, or near the proportion which they have advanced on Nutmegs, Cloves and Mace, (which cost the Dutch not much more per pound in India than Pepper) since they engrossed the Trade for those Commodities; and the use of calico in England would be supplied by foreign Linen at greater Prices; so that what may be secured from this Nation 's consumption, would in probability cost them above 400000 l. per Annum more than now it doth; and our foreign Trades for Italy, Guiny, etc. would in part decay for want of the aforesaid supplies.",926,932,0,10.585155,7.1230655,10.01178,11.018513,11.19887
A32830.txt,39,prices,"But indeed the Indian-made Goods have not that troublesome effects, but on the Contrary, another very convenient and profitable one, which is, that they hinder the Importation and Consumption of Abundance of such Foreign Goods as we should else have bought, and were wont to buy at much greater Prices.",295,301,0,10.639844,7.1012864,9.435702,10.31695,10.484642
A32833.txt,378,prices,"First, If this be not done, the Danes, swedes and Easterlings will certainly in a few Years carry the whole Trade, by reason of the difference of the charge of building a Ship fit for that Trade there or here, viz. a flyboat of 300 Tuns new built, and set to Sea for such a Voyage, may cost there 13 or 1400 l. which here would cost from 22 to 2400 l. which is so vast a disproportion, that it is impossible for an English man to cope with a Dane in that Navigation under such a discouragement; to balance which there is nothing but the Stranger's duty which the Dane now pays, which may come to 5 or 6 l per Ship per Voyage at most, one with another, which is incompitable with the difference of Price between the first cost of the Ships in either Nation: And this is so evident to those who are conversant in those Trades, that besides the decrease of our Shiping and increase of theirs that hath already happened, ours in probability had bee● wholy beaten out of the Trade, and only Danes and Easterlings freighted, had we been necessitated to build English Ships, and had not been recruited on moderate Prices by Fly-boats (being Ships proper for this Trade) taken in the late Dutch War, and by a further supply of Scotch Prizes likewise, through his majesty's permission and indulgence.",1107,1113,0,10.577047,7.1392903,9.618436,11.087772,11.239292
A32833.txt,508,prices,"Now, if not only the aforesaid advantages be seriously considered, but also what detriment the Nation would sustain, if we were deprived of those supplies, both in point of Strength and warlike Provisions, in regard of shipping and Salt-Petre, but also in respect of the furtherance it gives to many other trade's beforementioned, it will easily appear that this Trade, though its Imports exceeds its Exports, is the most advantageous Trade to England, and deserves all encouragement; for were we to buy all our Pepper and calicoes, etc. of the Dutch, they would raise our Pepper (which now stands the Nation but about 3 d. per pound in India) to, or near the proportion which they have advanced on Nutmegs, Cloves and Mace, (which cost the Dutch not much more per pound in India than Pepper) since they engrossed the Trade for those Commodities; and the use of calico in England would be supplied by foreign linen at greater Prices; so that what may be secured from this Nation 's consumption, would in probability cost them above 400000 l. per Annum more than now it doth; and our foreign Trades for Italy, Guiny, etc. would in part decay for want of the aforesaid supplies.",926,932,0,10.549913,7.1216626,10.01178,11.018513,11.19887
A51598.txt,12,prices,"He ought to have knowledge in the goodness and in the prices of all the several materials which are required for the building and repairing of Ships, and the divers workmanships of the same, as also for the Masts, Tackling, Cordage, Ordnance, Victuals, Munition and Provisions of many kinds; together with the ordinary wages of Commanders, Officers and Mariners, all which concern the Merchant as he is an Owner of Ships.

9 He ought (by the divers occasions which happen sometime in the buying and selling of one commodity and sometimes in another) to have indifferent if not perfect knowledge in all manner of Merchandise or wares, which is to be as it were a man of all occupations and trades.

10.",54,60,0,10.4842825,5.9467344,8.407036,8.695625,8.950998
A51598.txt,382,prices,"And therefore, the order which hath been used to multiply the full rates upon wares inwards by twenty, would produce a very great error in the Balance, for in this manner the ten thousand bags of Pepper, which this year we have brought hither from the East Indies, should be valued at very near two hundred and fifty thousand pounds, whereas The Trade to the East Indies is not only great in itself, but it doth also make our other trades much greater than they were. all this Pepper in the Kingdom's account, cost not above fifty thousand pounds, because the Indians have had no more of us, although we paid them extraordinary dear prices for the same.",633,639,0,10.556133,6.918514,9.779205,11.3109,11.485373
B14801__Free_Trade.txt,385,prices,"The French Company The French Company. also, though but lately reduced to Order, haue reformed many abuses in that trade, in maintaining the Natiue Commodities of this Kingdome in much better estimation, and in keeping the Forreine at moderate prices: and in employing greater shipping, then at any time before.",244,250,0,10.533688,7.0518775,9.118591,10.0027485,10.187392
wealth.txt,415,prices,"By the 18th of Elizabeth,
      it was enacted, that a third of the rent of all college leases should be
      reserved in corn, to be paid either in kind, or according to the current
      prices at the nearest public market.",190,196,0,10.88654,6.4452963,8.920078,9.72962,9.927838
wealth.txt,844,prices,"These prices are all above the London price; and
      wages are said to be as high in the other colonies as in New York.",6,12,0,10.867854,6.667237,9.328952,9.4593935,9.642262
wealth.txt,922,prices,"Such a difference of prices, which, it seems,
      is not always sufficient to transport a man from one parish to another,
      would necessarily occasion so great a transportation of the most bulky
      commodities, not only from one parish to another, but from one end of the
      kingdom, almost from one end of the world to the other, as would soon
      reduce them more nearly to a level.",21,27,0,10.882708,6.745631,9.443938,9.986328,10.184691
wealth.txt,957,prices,"The price of labor, it
      must be observed, cannot be ascertained very accurately anywhere,
      different prices being often paid at the same place and for the same sort
      of labor, not only according to the different abilities of the workman,
      but according to the easiness or hardness of the masters.",111,117,0,10.961299,6.6494994,9.242575,9.635361,9.780509
wealth.txt,1457,prices,"Besides possessing a
      little capital, he must be able to read, write, and account and must be a
      tolerable judge, too, of perhaps fifty or sixty different sorts of goods,
      their prices, qualities, and the markets where they are to be had
      cheapest.",193,199,0,10.403057,5.828544,10.174257,10.248791,10.489042
wealth.txt,1690,prices,"Corporation laws enable the
      inhabitants of towns to raise their prices, without fearing to be
      undersold by the free competition of their own countrymen.",70,76,0,10.624291,6.596916,9.8035755,10.289268,10.460689
wealth.txt,1703,prices,"People of the same trade seldom meet together, even for merriment and
      diversion, but the conversation ends in a conspiracy against the public,
      or in some contrivance to raise prices.",187,193,0,10.51267,6.453272,9.813211,10.334946,10.549066
wealth.txt,1965,prices,"In the Appendix to the life of Prince Henry, Doctor Birch has given us an
      account of the prices of butcher’s meat as commonly paid by that prince.",95,101,0,10.926331,6.1555247,8.6891985,8.733958,8.98352
wealth.txt,2311,prices,"This statute is surely a better evidence of what was reckoned, in those
      times, a moderate price of grain, than the prices of some particular
      years, which have generally been recorded by historians and other writers,
      on account of their extraordinary dearness or cheapness, and from which,
      therefore, it is difficult to form any judgment concerning what may have
      been the ordinary price.",121,127,0,11.007145,6.562191,10.027072,10.037649,10.192995
wealth.txt,2313,prices,"In 1309, Ralph de Born, prior of St Augustine’s, Canterbury, gave a feast
      upon his installation-day, of which William Thorn has preserved, not only
      the bill of fare, but the prices of many particulars.",186,192,0,10.907117,6.180961,8.703211,9.500655,9.724526
wealth.txt,2316,prices,"These prices are not recorded, on account of their extraordinary dearness
      or cheapness, but are mentioned accidentally, as the prices actually paid
      for large quantities of grain consumed at a feast, which was famous for
      its magnificence.",6,12,0,10.964295,6.557741,9.630095,9.974692,10.123321
wealth.txt,2316,prices,"These prices are not recorded, on account of their extraordinary dearness
      or cheapness, but are mentioned accidentally, as the prices actually paid
      for large quantities of grain consumed at a feast, which was famous for
      its magnificence.",133,139,0,11.0413265,6.6261225,8.840013,9.197825,9.35325
wealth.txt,2367,prices,"But the transcribers of
      those statutes seem frequently to have thought it sufficient to copy the
      regulation as far as the three or four first and lowest prices; saving in
      this manner their own labor, and judging, I suppose, that this was enough
      to show what proportion ought to be observed in all higher prices.",165,171,0,10.928582,6.792847,10.229987,10.479355,10.65655
wealth.txt,2367,prices,"But the transcribers of
      those statutes seem frequently to have thought it sufficient to copy the
      regulation as far as the three or four first and lowest prices; saving in
      this manner their own labor, and judging, I suppose, that this was enough
      to show what proportion ought to be observed in all higher prices.",328,334,0,10.926545,6.7221003,9.603703,9.983887,10.177284
wealth.txt,2372,prices,"That
      four shillings, however, was not considered as the highest price to which
      barley might frequently rise in those times, and that these prices were
      only given as an example of the proportion which ought to be observed in
      all other prices, whether higher or lower, we may infer from the last
      words of the statute: “Et sic deinceps crescetur vel diminuetur per sex
      denarios.” The expression is very slovenly, but the meaning is plain
      enough, “that the price of ale is in this manner to be increased or
      diminished according to every sixpence rise or fall in the price of
      barley.” In the composition of this statute, the legislature itself seems
      to have been as negligent as the copiers were in the transcription of the
      other.",151,157,0,11.025012,6.6240916,10.370074,10.708721,10.872057
wealth.txt,2372,prices,"That
      four shillings, however, was not considered as the highest price to which
      barley might frequently rise in those times, and that these prices were
      only given as an example of the proportion which ought to be observed in
      all other prices, whether higher or lower, we may infer from the last
      words of the statute: “Et sic deinceps crescetur vel diminuetur per sex
      denarios.” The expression is very slovenly, but the meaning is plain
      enough, “that the price of ale is in this manner to be increased or
      diminished according to every sixpence rise or fall in the price of
      barley.” In the composition of this statute, the legislature itself seems
      to have been as negligent as the copiers were in the transcription of the
      other.",258,264,0,10.971341,6.718183,9.855063,10.061053,10.216645
wealth.txt,2375,prices,"Mr Ruddiman seems {See his Preface to Anderson’s Diplomata Scotiae.} to
      conclude from this, that three shillings was the highest price to which
      wheat ever rose in those times, and that tenpence, a shilling, or at most
      two shillings, were the ordinary prices.",269,275,0,10.901201,6.8173037,9.068817,10.062856,10.205113
wealth.txt,2376,prices,"Upon consulting the manuscript,
      however, it appears evidently, that all these prices are only set down as
      examples of the proportion which ought to be observed between the
      respective prices of wheat and bread.",84,90,0,11.064207,6.476624,9.523693,9.536103,9.734318
wealth.txt,2379,prices,"Thus, in 1270, Fleetwood gives us two prices of the quarter of
      wheat.",38,44,0,11.091665,6.2706614,9.161087,9.655811,9.802426
wealth.txt,2385,prices,"The reader will find at the end of this chapter all the prices of wheat
      which have been collected by Fleetwood, from 1202 to 1597, both inclusive,
      reduced to the money of the present times, and digested, according to the
      order of time, into seven divisions of twelve years each.",56,62,0,10.9687195,6.2287765,8.747486,8.922276,9.182093
wealth.txt,2387,prices,"In that long period of time, Fleetwood has been able to
      collect the prices of no more than eighty years; so that four years are
      wanting to make out the last twelve years.",74,80,0,10.667686,6.3732834,8.623778,9.40098,9.6146
wealth.txt,2388,prices,"I have added, therefore, from
      the accounts of Eton college, the prices of 1598, 1599, 1600, and 1601.",70,76,0,10.830885,6.4054575,9.819874,10.652774,10.8307705
wealth.txt,2391,prices,"The prices, indeed, which Fleetwood has been able to collect, seem
      to have been those chiefly which were remarkable for extraordinary
      dearness or cheapness; and I do not pretend that any very certain
      conclusion can be drawn from them.",4,10,0,10.807733,6.512279,8.505704,9.381497,9.587858
wealth.txt,2396,prices,"Bishop Fleetwood
      and Mr Dupré de St Maur are the two authors who seem to have collected,
      with the greatest diligence and fidelity, the prices of things in ancient
      times.",147,153,0,10.962962,6.155813,9.052726,9.19193,9.430949
wealth.txt,2483,prices,"These, however, though the highest, are by no
      means the only high prices which seem to have been occasioned by the civil
      wars.",72,78,0,10.832768,6.5795097,8.639155,9.282702,9.460054
wealth.txt,2778,prices,"These prices were not the effects of the low
      value of silver in those times, but of the high value of such rarities and
      curiosities as human industry could not multiply at pleasure.",6,12,0,10.912947,6.4973965,9.30982,9.550664,9.715882
wealth.txt,2787,prices,"IX, c. 17.} purchased a surmullet at the
      price of eight thousand sestertii, equal to about sixty-six pounds
      thirteen shillings and fourpence of our present money; the extravagance of
      those prices, how much soever it may surprise us, is apt, notwithstanding,
      to appear to us about one third less than it really was.",207,213,0,10.706244,6.8086514,9.39865,10.572394,10.764228
wealth.txt,2790,prices,"What
      occasioned the extravagance of those high prices was, not so much the
      abundance of silver, as the abundance of labor and subsistence, of which
      those Romans had the disposal, beyond what was necessary for their own
      use.",53,59,0,10.851864,6.5351567,10.341478,11.039151,11.224796
wealth.txt,3200,prices,"It comes from an order of men, whose
      interest is never exactly the same with that of the public, who have
      generally an interest to deceive and even to oppress the public, and who
      accordingly have, upon many occasions, both deceived and oppressed it.

      # PRICES OF WHEAT


  Year    Prices/Quarter  Average of different   Average prices of
          in each year     prices in one year    each year in money
                                                    of 1776

            £   s   d         £   s   d             £   s   d
  1202      0  12   0                               1  16   0
  1205      0  12   0
            0  13   4         0  13   5             2   0   3
            0  15   0
  1223      0  12   0                               1  16   0
  1237      0   3   4                               0  10   0
  1243      0   2   0                               0   6   0
  1244      0   2   0                               0   6   0
  1246      0  16   0                               2   8   0
  1247      0  13   5                               2   0   0
  1257      1   4   0                               3  12   0
  1258      1   0   0
            0  15   0         0  17   0             2  11   0
            0  16   0
  1270      4  16   0
            6   8   0         5  12   0            16  16   0
  1286      0   2   8
            0  16   0         0   9   4             1   8   0
                                          Total    35   9   3
                                          Average   2  19   1¼

  1287      0   3   4                               0  10   0
  1288      0   0   8
            0   1   0
            0   1   4
            0   1   6
            0   1   8         0   3   0¼            0   9   1¾
            0   2   0
            0   3   4
            0   9   4
  1289      0  12   0
            0   6   0
            0   2   0         0  10   1½            1  10   4½
            0  10   8
            1   0   0
  1290      0  16   0                               2   8   0
  1294      0  16   0                               2   8   0
  1302      0   4   0                               0  12   0
  1309      0   7   2                               1   1   6
  1315      1   0   0                               3   0   0
  1316      1   0   0
            1  10   0         1  10   6             4  11   6
            1  12   0
            2   0   0
  1317      2   4   0
            0  14   0
            2  13   0         1  19   6             5  18   6
            4   0   0
            0   6   8
  1336      0   2   0                               0   6   0
  1338      0   3   4                               0  10   0
                                          Total    23   4  11¼
                                          Average   1  18   8

  1339      0   9   0                               1   7   0
  1349      0   2   0                               0   5   2
  1359      1   6   8                               3   2   2
  1361      0   2   0                               0   4   8
  1363      0  15   0                               1  15   0
  1369      1   0   0
            1   4   0         1   2   0             2   9   4
  1379      0   4   0                               0   9   4
  1387      0   2   0                               0   4   8
  1390      0  13   4
            0  14   0         0  14   5             1  13   7
            0  16   0
  1401      0  16   0                               1  17   6
  1407      0   4   4¾
            0   3   4         0   3  10             0   8  10
  1416      0  16   0                               1  12   0
                                         Total     15   9   4
                                         Average    1   5   9½

  1423      0   8   0                                       0
  1425      0   4   0                                       0
  1434      1   6   8                                       4
  1435      0   5   4                                       8
  1439      1   0   0
            1   6   8         1   3   4             2   6   8
  1440      1   4   0                               2   8   0
  1444      0   4   4         0   4   2             0   4   8
            0   4   0
  1445      0   4   6                               0   9   0
  1447      0   8   0                               0  16   0
  1448      0   6   8                               0  13   4
  1449      0   5   0                               0  10   0
  1451      0   8   0                               0  16   0
                                         Total     12  15   4
                                         Average    1   1   3⅓

  1453      0   5   4                               0  10   8
  1455      0   1   2                               0   2   4
  1457      0   7   8                               1  15   4
  1459      0   5   0                               0  10   0
  1460      0   8   0                               0  16   0
  1463      0   2   0         0   1  10             0   3   8
            0   1   8
  1464      0   6   8                               0  10   0
  1486      1   4   0                               1  17   0
  1491      0  14   8                               1   2   0
  1494      0   4   0                               0   6   0
  1495      0   3   4                               0   5   0
  1497      1   0   0                               1  11   0
                                         Total      8   9   0
                                         Average    0  14   1

  1499      0   4   0                               0   6   0
  1504      0   5   8                               0   8   6
  1521      1   0   0                               1  10   0
  1551      0   8   0                               0   8   0
  1553      0   8   0                               0   8   0
  1554      0   8   0                               0   8   0
  1555      0   8   0                               0   8   0
  1556      0   8   0                               0   8   0
  1557      0   8   0
            0   4   0         0  17   8½            0  17   8½
            0   5   0
            2  13   4
  1558      0   8   0                               0   8   0
  1559      0   8   0                               0   8   0
  1560      0   8   0                               0   8   0
                                         Total      6   0   2½
                                         Average    0  10   0½

  1561      0   8   0                               0   8   0
  1562      0   8   0                               0   8   0
  1574      2  16   0
            1   4   0         2   0   0             2   0   0
  1587      3   4   0                               3   4   0
  1594      2  16   0                               2  16   0
  1595      2  13   0                               2  13   0
  1596      4   0   0                               4   0   0
  1597      5   4   0
            4   0   0         4  12   0             4  12   0
  1598      2  16   8                               2  16   8
  1599      1  19   2                               1  19   8
  1600      1  17   8                               1  17   8
  1601      1  14  10                               1  14  10
                                         Total     28   9   4
                                         Average    2   7   5½



      PRICES OF THE QUARTER OF NINE BUSHELS OF THE BEST OR HIGHEST PRICED WHEAT
      AT WINDSOR MARKET, ON LADY DAY AND MICHAELMAS, FROM 1595 TO 1764 BOTH
      INCLUSIVE; THE PRICE OF EACH YEAR BEING THE MEDIUM BETWEEN THE HIGHEST
      PRICES OF THESE TWO MARKET DAYS.


            £   s   d
  1595      2   0   0
  1596      2   8   0
  1597      3   9   6
  1598      2  16   8
  1599      1  19   2
  1600      1  17   8
  1601      1  14  10
  1602      1   9   4
  1603      1  15   4
  1604      1  10   8
  1605      1  15  10
  1606      1  13   0
  1607      1  16   8
  1608      2  16   8
  1609      2  10   0
  1610      1  15  10
  1611      1  18   8
  1612      2   2   4
  1613      2   8   8
  1614      2   1   8½
  1615      1  18   8
  1616      2   0   4
  1617      2   8   8
  1618      2   6   8
  1619      1  15   4
  1620      1  10   4
        26)54   0   6½
    Average 2   1   6¾

  1621      1  10    4
  1622      2  18    8
  1623      2  12    0
  1624      2   8    0
  1625      2  12    0
  1626      2   9    4
  1627      1  16    0
  1628      1   8    0
  1629      2   2    0
  1630      2  15    8
  1631      3   8    0
  1632      2  13    4
  1633      2  18    0
  1634      2  16    0
  1635      2  16    0
  1636      2  16    8
        16)40   0    0
    Average 2  10    0

  1637      2  13    0
  1638      2  17    4
  1639      2   4   10
  1640      2   4    8
  1641      2   8    0
  1646      2   8    0
  1647      3  13    0
  1648      4   5    0
  1649      4   0    0
  1650      3  16    8
  1651      3  13    4
  1652      2   9    6
  1653      1  15    6
  1654      1   6    0
  1655      1  13    4
  1656      2   3    0
  1657      2   6    8
  1658      3   5    0
  1659      3   6    0
  1660      2  16    6
  1661      3  10    0
  1662      3  14    0
  1663      2  17    0
  1664      2   0    6
  1665      2   9    4
  1666      1  16    0
  1667      1  16    0
  1668      2   0    0
  1669      2   4    4
  1670      2   1    8
  1671      2   2    0
  1672      2   1    0
  1673      2   6    8
  1674      3   8    8
  1675      3   4    8
  1676      1  18    0
  1677      2   2    0
  1678      2  19    0
  1679      3   0    0
  1680      2   5    0
  1681      2   6    8
  1682      2   4    0
  1683      2   0    0
  1684      2   4    0
  1685      2   6    8
  1686      1  14    0
  1687      1   5    2
  1688      2   6    0
  1689      1  10    0
  1690      1  14    8
  1691      1  14    0
  1692      2   6    8
  1693      3   7    8
  1694      3   4    0
  1695      2  13    0
  1696      3  11    0
  1697      3   0    0
  1698      3   8    4
  1699      3   4    0
  1700      2   0    0
      60) 153   1    8
   Average  2  11    0⅓

  1701      1  17    8
  1702      1   9    6
  1703      1  16    0
  1704      2   6    6
  1705      1  10    0
  1706      1   6    0
  1707      1   8    6
  1708      2   1    6
  1709      3  18    6
  1710      3  18    0
  1711      2  14    0
  1712      2   6    4
  1713      2  11    0
  1714      2  10    4
  1715      2   3    0
  1716      2   8    0
  1717      2   5    8
  1718      1  18   10
  1719      1  15    0
  1720      1  17    0
  1721      1  17    6
  1722      1  16    0
  1723      1  14    8
  1724      1  17    0
  1725      2   8    6
  1726      2   6    0
  1727      2   2    0
  1728      2  14    6
  1729      2   6   10
  1730      1  16    6
  1731      1  12   10                     1  12   10
  1732      1   6    8                     1   6    8
  1733      1   8    4                     1   8    4
  1734      1  18   10                     1  18   10
  1735      2   3    0                     2   3    0
  1736      2   0    4                     2   0    4
  1737      1  18    0                     1  18    0
  1738      1  15    6                     1  15    6
  1739      1  18    6                     1  18    6
  1740      2  10    8                     2  10    8
                                      10) 18  12    8
                                           1  17    3½

  1741      2   6    8                     2   6    8
  1742      1  14    0                     1  14    0
  1743      1   4   10                     1   4   10
  1744      1   4   10                     1   4   10
  1745      1   7    6                     1   7    6
  1746      1  19    0                     1  19    0
  1747      1  14   10                     1  14   10
  1748      1  17    0                     1  17    0
  1749      1  17    0                     1  17    0
  1750      1  12    6                     1  12    6
                                      10) 16  18    2
                                           1  13    9¾

  1751      1  18    6
  1752      2   1   10
  1753      2   4    8
  1754      1  13    8
  1755      1  14   10
  1756      2   5    3
  1757      3   0    0
  1758      2  10    0
  1759      1  19   10
  1760      1  16    6
  1761      1  10    3
  1762      1  19    0
  1763      2   0    9
  1764      2   6    9
      64) 129  13    6
   Average  2   0    6¾



BOOK II.",305,311,0,11.125843,6.3151064,10.557573,10.763856,10.947698
wealth.txt,3200,prices,"It comes from an order of men, whose
      interest is never exactly the same with that of the public, who have
      generally an interest to deceive and even to oppress the public, and who
      accordingly have, upon many occasions, both deceived and oppressed it.

      # PRICES OF WHEAT


  Year    Prices/Quarter  Average of different   Average prices of
          in each year     prices in one year    each year in money
                                                    of 1776

            £   s   d         £   s   d             £   s   d
  1202      0  12   0                               1  16   0
  1205      0  12   0
            0  13   4         0  13   5             2   0   3
            0  15   0
  1223      0  12   0                               1  16   0
  1237      0   3   4                               0  10   0
  1243      0   2   0                               0   6   0
  1244      0   2   0                               0   6   0
  1246      0  16   0                               2   8   0
  1247      0  13   5                               2   0   0
  1257      1   4   0                               3  12   0
  1258      1   0   0
            0  15   0         0  17   0             2  11   0
            0  16   0
  1270      4  16   0
            6   8   0         5  12   0            16  16   0
  1286      0   2   8
            0  16   0         0   9   4             1   8   0
                                          Total    35   9   3
                                          Average   2  19   1¼

  1287      0   3   4                               0  10   0
  1288      0   0   8
            0   1   0
            0   1   4
            0   1   6
            0   1   8         0   3   0¼            0   9   1¾
            0   2   0
            0   3   4
            0   9   4
  1289      0  12   0
            0   6   0
            0   2   0         0  10   1½            1  10   4½
            0  10   8
            1   0   0
  1290      0  16   0                               2   8   0
  1294      0  16   0                               2   8   0
  1302      0   4   0                               0  12   0
  1309      0   7   2                               1   1   6
  1315      1   0   0                               3   0   0
  1316      1   0   0
            1  10   0         1  10   6             4  11   6
            1  12   0
            2   0   0
  1317      2   4   0
            0  14   0
            2  13   0         1  19   6             5  18   6
            4   0   0
            0   6   8
  1336      0   2   0                               0   6   0
  1338      0   3   4                               0  10   0
                                          Total    23   4  11¼
                                          Average   1  18   8

  1339      0   9   0                               1   7   0
  1349      0   2   0                               0   5   2
  1359      1   6   8                               3   2   2
  1361      0   2   0                               0   4   8
  1363      0  15   0                               1  15   0
  1369      1   0   0
            1   4   0         1   2   0             2   9   4
  1379      0   4   0                               0   9   4
  1387      0   2   0                               0   4   8
  1390      0  13   4
            0  14   0         0  14   5             1  13   7
            0  16   0
  1401      0  16   0                               1  17   6
  1407      0   4   4¾
            0   3   4         0   3  10             0   8  10
  1416      0  16   0                               1  12   0
                                         Total     15   9   4
                                         Average    1   5   9½

  1423      0   8   0                                       0
  1425      0   4   0                                       0
  1434      1   6   8                                       4
  1435      0   5   4                                       8
  1439      1   0   0
            1   6   8         1   3   4             2   6   8
  1440      1   4   0                               2   8   0
  1444      0   4   4         0   4   2             0   4   8
            0   4   0
  1445      0   4   6                               0   9   0
  1447      0   8   0                               0  16   0
  1448      0   6   8                               0  13   4
  1449      0   5   0                               0  10   0
  1451      0   8   0                               0  16   0
                                         Total     12  15   4
                                         Average    1   1   3⅓

  1453      0   5   4                               0  10   8
  1455      0   1   2                               0   2   4
  1457      0   7   8                               1  15   4
  1459      0   5   0                               0  10   0
  1460      0   8   0                               0  16   0
  1463      0   2   0         0   1  10             0   3   8
            0   1   8
  1464      0   6   8                               0  10   0
  1486      1   4   0                               1  17   0
  1491      0  14   8                               1   2   0
  1494      0   4   0                               0   6   0
  1495      0   3   4                               0   5   0
  1497      1   0   0                               1  11   0
                                         Total      8   9   0
                                         Average    0  14   1

  1499      0   4   0                               0   6   0
  1504      0   5   8                               0   8   6
  1521      1   0   0                               1  10   0
  1551      0   8   0                               0   8   0
  1553      0   8   0                               0   8   0
  1554      0   8   0                               0   8   0
  1555      0   8   0                               0   8   0
  1556      0   8   0                               0   8   0
  1557      0   8   0
            0   4   0         0  17   8½            0  17   8½
            0   5   0
            2  13   4
  1558      0   8   0                               0   8   0
  1559      0   8   0                               0   8   0
  1560      0   8   0                               0   8   0
                                         Total      6   0   2½
                                         Average    0  10   0½

  1561      0   8   0                               0   8   0
  1562      0   8   0                               0   8   0
  1574      2  16   0
            1   4   0         2   0   0             2   0   0
  1587      3   4   0                               3   4   0
  1594      2  16   0                               2  16   0
  1595      2  13   0                               2  13   0
  1596      4   0   0                               4   0   0
  1597      5   4   0
            4   0   0         4  12   0             4  12   0
  1598      2  16   8                               2  16   8
  1599      1  19   2                               1  19   8
  1600      1  17   8                               1  17   8
  1601      1  14  10                               1  14  10
                                         Total     28   9   4
                                         Average    2   7   5½



      PRICES OF THE QUARTER OF NINE BUSHELS OF THE BEST OR HIGHEST PRICED WHEAT
      AT WINDSOR MARKET, ON LADY DAY AND MICHAELMAS, FROM 1595 TO 1764 BOTH
      INCLUSIVE; THE PRICE OF EACH YEAR BEING THE MEDIUM BETWEEN THE HIGHEST
      PRICES OF THESE TWO MARKET DAYS.


            £   s   d
  1595      2   0   0
  1596      2   8   0
  1597      3   9   6
  1598      2  16   8
  1599      1  19   2
  1600      1  17   8
  1601      1  14  10
  1602      1   9   4
  1603      1  15   4
  1604      1  10   8
  1605      1  15  10
  1606      1  13   0
  1607      1  16   8
  1608      2  16   8
  1609      2  10   0
  1610      1  15  10
  1611      1  18   8
  1612      2   2   4
  1613      2   8   8
  1614      2   1   8½
  1615      1  18   8
  1616      2   0   4
  1617      2   8   8
  1618      2   6   8
  1619      1  15   4
  1620      1  10   4
        26)54   0   6½
    Average 2   1   6¾

  1621      1  10    4
  1622      2  18    8
  1623      2  12    0
  1624      2   8    0
  1625      2  12    0
  1626      2   9    4
  1627      1  16    0
  1628      1   8    0
  1629      2   2    0
  1630      2  15    8
  1631      3   8    0
  1632      2  13    4
  1633      2  18    0
  1634      2  16    0
  1635      2  16    0
  1636      2  16    8
        16)40   0    0
    Average 2  10    0

  1637      2  13    0
  1638      2  17    4
  1639      2   4   10
  1640      2   4    8
  1641      2   8    0
  1646      2   8    0
  1647      3  13    0
  1648      4   5    0
  1649      4   0    0
  1650      3  16    8
  1651      3  13    4
  1652      2   9    6
  1653      1  15    6
  1654      1   6    0
  1655      1  13    4
  1656      2   3    0
  1657      2   6    8
  1658      3   5    0
  1659      3   6    0
  1660      2  16    6
  1661      3  10    0
  1662      3  14    0
  1663      2  17    0
  1664      2   0    6
  1665      2   9    4
  1666      1  16    0
  1667      1  16    0
  1668      2   0    0
  1669      2   4    4
  1670      2   1    8
  1671      2   2    0
  1672      2   1    0
  1673      2   6    8
  1674      3   8    8
  1675      3   4    8
  1676      1  18    0
  1677      2   2    0
  1678      2  19    0
  1679      3   0    0
  1680      2   5    0
  1681      2   6    8
  1682      2   4    0
  1683      2   0    0
  1684      2   4    0
  1685      2   6    8
  1686      1  14    0
  1687      1   5    2
  1688      2   6    0
  1689      1  10    0
  1690      1  14    8
  1691      1  14    0
  1692      2   6    8
  1693      3   7    8
  1694      3   4    0
  1695      2  13    0
  1696      3  11    0
  1697      3   0    0
  1698      3   8    4
  1699      3   4    0
  1700      2   0    0
      60) 153   1    8
   Average  2  11    0⅓

  1701      1  17    8
  1702      1   9    6
  1703      1  16    0
  1704      2   6    6
  1705      1  10    0
  1706      1   6    0
  1707      1   8    6
  1708      2   1    6
  1709      3  18    6
  1710      3  18    0
  1711      2  14    0
  1712      2   6    4
  1713      2  11    0
  1714      2  10    4
  1715      2   3    0
  1716      2   8    0
  1717      2   5    8
  1718      1  18   10
  1719      1  15    0
  1720      1  17    0
  1721      1  17    6
  1722      1  16    0
  1723      1  14    8
  1724      1  17    0
  1725      2   8    6
  1726      2   6    0
  1727      2   2    0
  1728      2  14    6
  1729      2   6   10
  1730      1  16    6
  1731      1  12   10                     1  12   10
  1732      1   6    8                     1   6    8
  1733      1   8    4                     1   8    4
  1734      1  18   10                     1  18   10
  1735      2   3    0                     2   3    0
  1736      2   0    4                     2   0    4
  1737      1  18    0                     1  18    0
  1738      1  15    6                     1  15    6
  1739      1  18    6                     1  18    6
  1740      2  10    8                     2  10    8
                                      10) 18  12    8
                                           1  17    3½

  1741      2   6    8                     2   6    8
  1742      1  14    0                     1  14    0
  1743      1   4   10                     1   4   10
  1744      1   4   10                     1   4   10
  1745      1   7    6                     1   7    6
  1746      1  19    0                     1  19    0
  1747      1  14   10                     1  14   10
  1748      1  17    0                     1  17    0
  1749      1  17    0                     1  17    0
  1750      1  12    6                     1  12    6
                                      10) 16  18    2
                                           1  13    9¾

  1751      1  18    6
  1752      2   1   10
  1753      2   4    8
  1754      1  13    8
  1755      1  14   10
  1756      2   5    3
  1757      3   0    0
  1758      2  10    0
  1759      1  19   10
  1760      1  16    6
  1761      1  10    3
  1762      1  19    0
  1763      2   0    9
  1764      2   6    9
      64) 129  13    6
   Average  2   0    6¾



BOOK II.",352,358,0,11.166632,6.2999535,9.832481,9.925482,10.098491
wealth.txt,3200,prices,"It comes from an order of men, whose
      interest is never exactly the same with that of the public, who have
      generally an interest to deceive and even to oppress the public, and who
      accordingly have, upon many occasions, both deceived and oppressed it.

      # PRICES OF WHEAT


  Year    Prices/Quarter  Average of different   Average prices of
          in each year     prices in one year    each year in money
                                                    of 1776

            £   s   d         £   s   d             £   s   d
  1202      0  12   0                               1  16   0
  1205      0  12   0
            0  13   4         0  13   5             2   0   3
            0  15   0
  1223      0  12   0                               1  16   0
  1237      0   3   4                               0  10   0
  1243      0   2   0                               0   6   0
  1244      0   2   0                               0   6   0
  1246      0  16   0                               2   8   0
  1247      0  13   5                               2   0   0
  1257      1   4   0                               3  12   0
  1258      1   0   0
            0  15   0         0  17   0             2  11   0
            0  16   0
  1270      4  16   0
            6   8   0         5  12   0            16  16   0
  1286      0   2   8
            0  16   0         0   9   4             1   8   0
                                          Total    35   9   3
                                          Average   2  19   1¼

  1287      0   3   4                               0  10   0
  1288      0   0   8
            0   1   0
            0   1   4
            0   1   6
            0   1   8         0   3   0¼            0   9   1¾
            0   2   0
            0   3   4
            0   9   4
  1289      0  12   0
            0   6   0
            0   2   0         0  10   1½            1  10   4½
            0  10   8
            1   0   0
  1290      0  16   0                               2   8   0
  1294      0  16   0                               2   8   0
  1302      0   4   0                               0  12   0
  1309      0   7   2                               1   1   6
  1315      1   0   0                               3   0   0
  1316      1   0   0
            1  10   0         1  10   6             4  11   6
            1  12   0
            2   0   0
  1317      2   4   0
            0  14   0
            2  13   0         1  19   6             5  18   6
            4   0   0
            0   6   8
  1336      0   2   0                               0   6   0
  1338      0   3   4                               0  10   0
                                          Total    23   4  11¼
                                          Average   1  18   8

  1339      0   9   0                               1   7   0
  1349      0   2   0                               0   5   2
  1359      1   6   8                               3   2   2
  1361      0   2   0                               0   4   8
  1363      0  15   0                               1  15   0
  1369      1   0   0
            1   4   0         1   2   0             2   9   4
  1379      0   4   0                               0   9   4
  1387      0   2   0                               0   4   8
  1390      0  13   4
            0  14   0         0  14   5             1  13   7
            0  16   0
  1401      0  16   0                               1  17   6
  1407      0   4   4¾
            0   3   4         0   3  10             0   8  10
  1416      0  16   0                               1  12   0
                                         Total     15   9   4
                                         Average    1   5   9½

  1423      0   8   0                                       0
  1425      0   4   0                                       0
  1434      1   6   8                                       4
  1435      0   5   4                                       8
  1439      1   0   0
            1   6   8         1   3   4             2   6   8
  1440      1   4   0                               2   8   0
  1444      0   4   4         0   4   2             0   4   8
            0   4   0
  1445      0   4   6                               0   9   0
  1447      0   8   0                               0  16   0
  1448      0   6   8                               0  13   4
  1449      0   5   0                               0  10   0
  1451      0   8   0                               0  16   0
                                         Total     12  15   4
                                         Average    1   1   3⅓

  1453      0   5   4                               0  10   8
  1455      0   1   2                               0   2   4
  1457      0   7   8                               1  15   4
  1459      0   5   0                               0  10   0
  1460      0   8   0                               0  16   0
  1463      0   2   0         0   1  10             0   3   8
            0   1   8
  1464      0   6   8                               0  10   0
  1486      1   4   0                               1  17   0
  1491      0  14   8                               1   2   0
  1494      0   4   0                               0   6   0
  1495      0   3   4                               0   5   0
  1497      1   0   0                               1  11   0
                                         Total      8   9   0
                                         Average    0  14   1

  1499      0   4   0                               0   6   0
  1504      0   5   8                               0   8   6
  1521      1   0   0                               1  10   0
  1551      0   8   0                               0   8   0
  1553      0   8   0                               0   8   0
  1554      0   8   0                               0   8   0
  1555      0   8   0                               0   8   0
  1556      0   8   0                               0   8   0
  1557      0   8   0
            0   4   0         0  17   8½            0  17   8½
            0   5   0
            2  13   4
  1558      0   8   0                               0   8   0
  1559      0   8   0                               0   8   0
  1560      0   8   0                               0   8   0
                                         Total      6   0   2½
                                         Average    0  10   0½

  1561      0   8   0                               0   8   0
  1562      0   8   0                               0   8   0
  1574      2  16   0
            1   4   0         2   0   0             2   0   0
  1587      3   4   0                               3   4   0
  1594      2  16   0                               2  16   0
  1595      2  13   0                               2  13   0
  1596      4   0   0                               4   0   0
  1597      5   4   0
            4   0   0         4  12   0             4  12   0
  1598      2  16   8                               2  16   8
  1599      1  19   2                               1  19   8
  1600      1  17   8                               1  17   8
  1601      1  14  10                               1  14  10
                                         Total     28   9   4
                                         Average    2   7   5½



      PRICES OF THE QUARTER OF NINE BUSHELS OF THE BEST OR HIGHEST PRICED WHEAT
      AT WINDSOR MARKET, ON LADY DAY AND MICHAELMAS, FROM 1595 TO 1764 BOTH
      INCLUSIVE; THE PRICE OF EACH YEAR BEING THE MEDIUM BETWEEN THE HIGHEST
      PRICES OF THESE TWO MARKET DAYS.


            £   s   d
  1595      2   0   0
  1596      2   8   0
  1597      3   9   6
  1598      2  16   8
  1599      1  19   2
  1600      1  17   8
  1601      1  14  10
  1602      1   9   4
  1603      1  15   4
  1604      1  10   8
  1605      1  15  10
  1606      1  13   0
  1607      1  16   8
  1608      2  16   8
  1609      2  10   0
  1610      1  15  10
  1611      1  18   8
  1612      2   2   4
  1613      2   8   8
  1614      2   1   8½
  1615      1  18   8
  1616      2   0   4
  1617      2   8   8
  1618      2   6   8
  1619      1  15   4
  1620      1  10   4
        26)54   0   6½
    Average 2   1   6¾

  1621      1  10    4
  1622      2  18    8
  1623      2  12    0
  1624      2   8    0
  1625      2  12    0
  1626      2   9    4
  1627      1  16    0
  1628      1   8    0
  1629      2   2    0
  1630      2  15    8
  1631      3   8    0
  1632      2  13    4
  1633      2  18    0
  1634      2  16    0
  1635      2  16    0
  1636      2  16    8
        16)40   0    0
    Average 2  10    0

  1637      2  13    0
  1638      2  17    4
  1639      2   4   10
  1640      2   4    8
  1641      2   8    0
  1646      2   8    0
  1647      3  13    0
  1648      4   5    0
  1649      4   0    0
  1650      3  16    8
  1651      3  13    4
  1652      2   9    6
  1653      1  15    6
  1654      1   6    0
  1655      1  13    4
  1656      2   3    0
  1657      2   6    8
  1658      3   5    0
  1659      3   6    0
  1660      2  16    6
  1661      3  10    0
  1662      3  14    0
  1663      2  17    0
  1664      2   0    6
  1665      2   9    4
  1666      1  16    0
  1667      1  16    0
  1668      2   0    0
  1669      2   4    4
  1670      2   1    8
  1671      2   2    0
  1672      2   1    0
  1673      2   6    8
  1674      3   8    8
  1675      3   4    8
  1676      1  18    0
  1677      2   2    0
  1678      2  19    0
  1679      3   0    0
  1680      2   5    0
  1681      2   6    8
  1682      2   4    0
  1683      2   0    0
  1684      2   4    0
  1685      2   6    8
  1686      1  14    0
  1687      1   5    2
  1688      2   6    0
  1689      1  10    0
  1690      1  14    8
  1691      1  14    0
  1692      2   6    8
  1693      3   7    8
  1694      3   4    0
  1695      2  13    0
  1696      3  11    0
  1697      3   0    0
  1698      3   8    4
  1699      3   4    0
  1700      2   0    0
      60) 153   1    8
   Average  2  11    0⅓

  1701      1  17    8
  1702      1   9    6
  1703      1  16    0
  1704      2   6    6
  1705      1  10    0
  1706      1   6    0
  1707      1   8    6
  1708      2   1    6
  1709      3  18    6
  1710      3  18    0
  1711      2  14    0
  1712      2   6    4
  1713      2  11    0
  1714      2  10    4
  1715      2   3    0
  1716      2   8    0
  1717      2   5    8
  1718      1  18   10
  1719      1  15    0
  1720      1  17    0
  1721      1  17    6
  1722      1  16    0
  1723      1  14    8
  1724      1  17    0
  1725      2   8    6
  1726      2   6    0
  1727      2   2    0
  1728      2  14    6
  1729      2   6   10
  1730      1  16    6
  1731      1  12   10                     1  12   10
  1732      1   6    8                     1   6    8
  1733      1   8    4                     1   8    4
  1734      1  18   10                     1  18   10
  1735      2   3    0                     2   3    0
  1736      2   0    4                     2   0    4
  1737      1  18    0                     1  18    0
  1738      1  15    6                     1  15    6
  1739      1  18    6                     1  18    6
  1740      2  10    8                     2  10    8
                                      10) 18  12    8
                                           1  17    3½

  1741      2   6    8                     2   6    8
  1742      1  14    0                     1  14    0
  1743      1   4   10                     1   4   10
  1744      1   4   10                     1   4   10
  1745      1   7    6                     1   7    6
  1746      1  19    0                     1  19    0
  1747      1  14   10                     1  14   10
  1748      1  17    0                     1  17    0
  1749      1  17    0                     1  17    0
  1750      1  12    6                     1  12    6
                                      10) 16  18    2
                                           1  13    9¾

  1751      1  18    6
  1752      2   1   10
  1753      2   4    8
  1754      1  13    8
  1755      1  14   10
  1756      2   5    3
  1757      3   0    0
  1758      2  10    0
  1759      1  19   10
  1760      1  16    6
  1761      1  10    3
  1762      1  19    0
  1763      2   0    9
  1764      2   6    9
      64) 129  13    6
   Average  2   0    6¾



BOOK II.",389,395,0,11.146792,6.324807,10.363625,10.648431,10.831157
wealth.txt,5008,prices,"A
      pound of tea, however, is about a hundred times the bulk of one of the
      highest prices, sixteen shillings, that is commonly paid for it in silver,
      and more than two thousand times the bulk of the same price in gold, and,
      consequently, just so many times more difficult to smuggle.",93,99,0,10.827295,6.89245,9.855263,10.514772,10.6361065
wealth.txt,5570,prices,"The following are the prices at which the bank of Amsterdam at present
      {September 1775} receives bullion and coin of different kinds:


                              SILVER
     Mexico dollars .................  22  Guilders / mark
     French crowns ..................  22
     English silver coin.............  22
     Mexico dollars, new coin........  21  10
     Ducatoons.......................   3   0
     Rix-dollars.....................   2   8



      Bar silver, containing 11-12ths fine silver, 21 Guilders / mark, and in
      this proportion down to 1-4th fine, on which 5 guilders are given.",22,28,0,10.615397,6.6390386,9.413945,10.200132,10.345696
wealth.txt,6030,prices,"I must observe, too, that the cask or
      barrel, which is usually sold with the herrings, and of which the price is
      included in all the foregoing prices, has, since the commencement of the
      American war, risen to about double its former price, or from about 3s. to
      about 6s.",155,161,0,10.702641,6.712262,9.40657,10.293976,10.4705105
wealth.txt,6031,prices,"I must likewise observe, that the accounts I have received of
      the prices of former times, have been by no means quite uniform and
      consistent, and an old man of great accuracy and experience has assured
      me, that, more than fifty years ago, a guinea was the usual price of a
      barrel of good merchantable herrings; and this, I imagine, may still be
      looked upon as the average price.",72,78,0,10.835104,6.4047065,8.784767,8.872576,9.082869
wealth.txt,6196,prices,"The former of these two prices has, for more than a century
      past, taken place only in times of very great scarcity; and the latter
      has, so far as I know, not taken place at all.",24,30,0,10.749952,6.5375304,9.892479,10.542076,10.747423
wealth.txt,6224,prices,"By the 15th of the same prince, this liberty
      was extended till the price of wheat exceeded 48s. the quarter; and by the
      22d, to all higher prices.",151,157,0,10.913281,6.827549,8.954619,9.803635,9.983988
wealth.txt,6226,prices,"By the 1st of William
      and Mary, the act which established this bounty, this small duty was
      virtually taken off whenever the price of wheat did not exceed 48s. the
      quarter; and by the 11th and 12th of William III. c. 20, it was expressly
      taken off at all higher prices.",285,291,0,10.800122,6.9318385,9.666263,10.506899,10.652453
wealth.txt,6271,prices,"With regard to all those different sorts of grain, but
      particularly with regard to wheat, the home market is thus opened to
      foreign supplies, at prices considerably lower than before.",157,163,0,10.912272,6.8448725,10.159428,10.37069,10.543514
wealth.txt,6275,prices,"The same statute permits, at the lowest prices, the importation of corn in
      order to be exported again, duty free, provided it is in the mean time
      lodged in a warehouse under the joint locks of the king and the importer.",40,46,0,10.689361,7.044354,10.582182,11.08836,11.244969
wealth.txt,6282,prices,"Those several prices seem all of them a good deal too low; and
      there seems to be an impropriety, besides, in prohibiting exportation
      altogether at those precise prices at which that bounty, which was given
      in order to force it, is withdrawn.",14,20,0,10.783959,6.7829237,8.317088,9.156361,9.337054
wealth.txt,6282,prices,"Those several prices seem all of them a good deal too low; and
      there seems to be an impropriety, besides, in prohibiting exportation
      altogether at those precise prices at which that bounty, which was given
      in order to force it, is withdrawn.",173,179,0,10.721108,7.0381575,8.646148,9.502687,9.664695
